TableName,URL,Column1,Column2,Column3,Column4
Date,https://www.settrade.com/th/equities/market-data/biglot,"จำนวน 16 รายการ
         ข้อมูล ณ วันที่ 9 ต.ค. 2569",,,
Big Lot,https://www.settrade.com/th/equities/market-data/biglot,ชื่อย่อหลักทรัพย์  (Click to sort Ascending),ปริมาณ ('000 หุ้น)  (Click to sort Ascending),มูลค่า (ล้านบาท)  (Click to sort Ascending),ราคาเฉลี่ย (บาท)  (Click to sort Ascending)
Big Lot,https://www.settrade.com/th/equities/market-data/biglot,,,,
Big Lot,https://www.settrade.com/th/equities/market-data/biglot,,,,
Big Lot,https://www.settrade.com/th/equities/market-data/biglot,,,,
Big Lot,https://www.settrade.com/th/equities/market-data/biglot,,,,
Big Lot,https://www.settrade.com/th/equities/market-data/biglot,,,,
Big Lot,https://www.settrade.com/th/equities/market-data/biglot,,,,
Big Lot,https://www.settrade.com/th/equities/market-data/biglot,,,,
Big Lot,https://www.settrade.com/th/equities/market-data/biglot,,,,
Big Lot,https://www.settrade.com/th/equities/market-data/biglot,,,,
Big Lot,https://www.settrade.com/th/equities/market-data/biglot,,,,
Big Lot,https://www.settrade.com/th/equities/market-data/biglot,ชื่อย่อหลักทรัพย์  (Click to sort Ascending),ปริมาณ ('000 หุ้น)  (Click to sort Ascending),มูลค่า (ล้านบาท)  (Click to sort Ascending),ราคาเฉลี่ย (บาท)  (Click to sort Ascending)
Big Lot,https://www.settrade.com/th/equities/market-data/biglot,LOXLEY,27000,49.95,1.85
Big Lot,https://www.settrade.com/th/equities/market-data/biglot,GPSC,450,22.84,50.75
Big Lot,https://www.settrade.com/th/equities/market-data/biglot,KTB,500,20.94,41.88
Big Lot,https://www.settrade.com/th/equities/market-data/biglot,ADVANC,56,18.77,334.0
Big Lot,https://www.settrade.com/th/equities/market-data/biglot,GULF,290,17.53,60.5
Big Lot,https://www.settrade.com/th/equities/market-data/biglot,PTTGC,300,16.2,54.0
Big Lot,https://www.settrade.com/th/equities/market-data/biglot,SCC,51,14.61,287.0
Big Lot,https://www.settrade.com/th/equities/market-data/biglot,BSET100,934,10.89,11.66
Big Lot,https://www.settrade.com/th/equities/market-data/biglot,COM7,300,9.83,32.75
Big Lot,https://www.settrade.com/th/equities/market-data/biglot,KCE,100,7.88,78.75
Big Lot,https://www.settrade.com/th/equities/market-data/biglot,KTC,141,4.85,34.5
Big Lot,https://www.settrade.com/th/equities/market-data/biglot,PLANB,436,3.73,8.56
Big Lot,https://www.settrade.com/th/equities/market-data/biglot,CRC,108,3.47,32.19
Big Lot,https://www.settrade.com/th/equities/market-data/biglot,CPALL,70,3.02,43.0
Big Lot,https://www.settrade.com/th/equities/market-data/biglot,DELTA13C2702A,2000,1.24,0.62
Big Lot,https://www.settrade.com/th/equities/market-data/biglot,KCE13C2702B,1074,0.79,0.74
